序号,内容主题,目标关键词,搜索量,页面类型,竞品来源,流量价值
1,HowTo教程,how to start a blog,890K,教程文章,Wix,高
2,HowTo教程,how to create a website,267K,教程文章,Wix,高
3,HowTo教程,how many subscribers does mrbeast have,9.7K,教程文章,vidIQ,高
4,HowTo教程,how many subscribers does mrbeast have,9.3K,教程文章,Viewstats,高
5,HowTo教程,how to make a qr code,8.9K,教程文章,Wix,高
6,HowTo教程,how to monetize youtube channel,8.7K,教程文章,TubeBuddy,高
7,HowTo教程,how do you create a website,7.9K,教程文章,Wix,高
8,HowTo教程,how to build a website from scratch,7.4K,教程文章,Wix,高
9,HowTo教程,how to make a website,72K,教程文章,Wix,高
10,HowTo教程,how to design e-commerce websites,6.7K,教程文章,Wix,高
11,HowTo教程,how to create a logo,66K,教程文章,Wix,高
12,HowTo教程,how to make website for free,6.5K,教程文章,Wix,高
13,HowTo教程,how to use youtube chapters,60K,教程文章,TubeBuddy,高
14,HowTo教程,how to make a logo,59K,教程文章,Wix,高
15,HowTo教程,how to make money on tiktok,5.8K,教程文章,Wix,高
16,HowTo教程,how to create a portfolio,5.8K,教程文章,Wix,高
17,HowTo教程,how to make your own logo,5.8K,教程文章,Wix,高
18,HowTo教程,how to build a website,55K,教程文章,Wix,高
19,Link-in-Bio核心功能,link in bio,2.4K,功能页,Linktree,高
20,社媒变现工具,aesthetic quotes for instagram bio,5.3K,功能页,Linktree,高
21,社媒变现工具,motivational bio for instagram,4.0K,功能页,Beacons,高
22,社媒变现工具,mahadev bio for instagram,3.7K,功能页,Beacons,高
23,社媒变现工具,can i earn money from instagram,3.1K,功能页,Wix,高
24,社媒变现工具,after long time meet my friend captions for instagram,2.4K,功能页,Beacons,高
25,社媒变现工具,instagram bio punjabi,1.9K,功能页,Beacons,高
26,社媒变现工具,punjabi bio for instagram,1.8K,功能页,Beacons,高
27,社媒变现工具,dark aesthetic bio instagram,17K,功能页,Beacons,高
28,社媒变现工具,sanskrit bio for instagram,1.5K,功能页,Beacons,高
29,社媒变现工具,money captions for instagram,1.3K,功能页,Beacons,高
30,网站构建,website builder,234K,产品页,Wix,高
31,网站构建,free website builder,101K,产品页,Wix,高
32,网站构建,ai website maker,9.8K,产品页,Wix,高
33,网站构建,html website builder,9.7K,产品页,Wix,高
34,网站构建,website builder ai,9.5K,产品页,Wix,高
35,网站构建,free ai website builder,7.7K,产品页,Wix,高
36,网站构建,ai website builder,63K,产品页,Wix,高
37,网站构建,website maker,62K,产品页,Wix,高
38,网站构建,website builder ai,6.2K,产品页,Durable,高
39,网站构建,best website builder,59K,产品页,Wix,高
40,YouTube分析,youtube subscribers free,9.5K,功能页,vidIQ,高
41,YouTube分析,youtube subscribers free,9.3K,功能页,TubeBuddy,高
42,YouTube分析,how much does youtube pay for 1 million views,9.2K,功能页,TubeBuddy,高
43,YouTube分析,free youtube subscribers boost grams,8.3K,功能页,vidIQ,高
44,YouTube分析,free youtube subscribers boost grams,8.3K,功能页,TubeBuddy,高
45,YouTube分析,youtube free subscribers,8.1K,功能页,TubeBuddy,高
46,YouTube分析,youtube free subscribers,7.9K,功能页,vidIQ,高
47,YouTube分析,youtube tags for views,7.8K,功能页,vidIQ,高
48,创作者变现,youtube revenue calculator,9.8K,变现指南,TubeBuddy,高
49,创作者变现,youtube income calculator,9.5K,变现指南,TubeBuddy,高
50,创作者变现,is this channel monetized,7.8K,变现指南,TubeBuddy,高
51,创作者变现,superchat live income,7.4K,变现指南,TubeBuddy,高
52,创作者变现,paystub creator,6.8K,变现指南,Wix,高
53,创作者变现,youtube income check,6.5K,变现指南,Viewstats,高
54,创作者变现,bing image creator,56K,变现指南,10web,高
55,创作者变现,make money online,5.2K,变现指南,Wix,高
56,竞品对比,wix ai website builder,6.3K,着陆页,Durable,高
57,竞品对比,10web ai,2.6K,着陆页,Durable,高
58,竞品对比,mixo.io,2.0K,着陆页,Durable,高
59,竞品对比,squarespace ai website builder,800,着陆页,Durable,低
60,AI建站,website kya hai,9.5K,AI专题,Wix,高
61,AI建站,website create ai,6.5K,AI专题,Wix,高
62,AI建站,website generator ai,6.2K,AI专题,Wix,高
63,AI建站,website domain,6.1K,AI专题,Wix,高
64,AI建站,website domain search,6.1K,AI专题,Wix,高
65,Logo设计,logo maker,866K,工具页,Wix,高
66,Logo设计,logo design,375K,工具页,Wix,高
67,Logo设计,logo generator,285K,工具页,Wix,高
68,Logo设计,ai logo generator,221K,工具页,Wix,高
69,Logo设计,free logo maker,203K,工具页,Wix,高
70,电商功能,ecommerce store builder,8.9K,功能页,Wix,高
71,电商功能,online store name ideas,8.2K,功能页,Wix,高
72,电商功能,create online store,7.9K,功能页,Wix,高
73,电商功能,create online store free,7.3K,功能页,Wix,高
74,电商功能,website ecommerce,7.2K,功能页,Wix,高
75,定价策略,free website creator,6.0K,定价页,Wix,高
76,定价策略,create free website,5.7K,定价页,Wix,高
77,定价策略,build a free website,5.7K,定价页,Wix,高
78,域名工具,domain name,118K,工具页,Wix,高
79,域名工具,buy domain,88K,工具页,Wix,高
80,域名工具,domain name search,87K,工具页,Wix,高
81,YouTube SEO工具,youtube title copy,7.8K,工具页,vidIQ,高
82,YouTube SEO工具,seo studio tools youtube,7.8K,工具页,TubeBuddy,高
83,YouTube SEO工具,youtube tag generator,76K,工具页,vidIQ,高
84,QR码工具,qr code generator,2.9M,工具页,Wix,高
85,QR码工具,qr code generator free,292K,工具页,Wix,高
86,QR码工具,qr code generator free online,4.8K,工具页,Wix,高
87,博客创建,create a blog,7.6K,教程页,Wix,高
88,博客创建,create a free blog,6.3K,教程页,Wix,高
89,博客创建,blog maker,5.4K,教程页,Wix,高
90,作品集制作,portfolio,437K,功能页,Wix,高
91,作品集制作,portfolio templates,101K,功能页,Wix,高
92,作品集制作,portfolio website,65K,功能页,Wix,高
93,高流量机会,xnhau,4.2M,内容页,Beacons,高
94,高流量机会,sophie rain spider man video youtube,199.0K,内容页,Linktree,高
