关键词,搜索量,流量,更改,分类,优先级,内容建议
tubebuddy,49K,40940,3447,竞品品牌词,P0,竞品对比页面+替代方案
tube buddy,10.0K,8344,29,竞品品牌词,P0,竞品对比页面+替代方案
free youtube subscribers,28K,6905,2652,免费增长词,P1,免费工具介绍+转化页面
how to use youtube chapters,60K,6011,2207,HowTo教程词,P1,分步指南+教程内容
free subscribers for youtube,16K,4314,−3;763,免费增长词,P1,免费工具介绍+转化页面
1000 free youtube subscribers instantly,11K,3951,2166,免费增长词,P1,免费工具介绍+转化页面
youtube free subscribers,8.1K,3935,2436,免费增长词,P1,免费工具介绍+转化页面
youtube subscribers free,9.3K,3521,1685,YouTube订阅增长词,P1,订阅增长策略页
superchat live income,7.4K,2689,-,YouTube增长策略词,P1,增长策略内容页
free youtube subscriber,3.5K,2180,1552,免费增长词,P1,免费工具介绍+转化页面
youtube subscribe free,6.1K,2155,1543,免费增长词,P1,免费工具介绍+转化页面
free subscribers,12K,1905,1077,免费增长词,P1,免费工具介绍+转化页面
seo studio tools,21K,1611,528,YouTube工具功能词,P1,工具功能页面+生成器Landing Page
youtube subscribers,19K,1589,1289,YouTube订阅增长词,P1,订阅增长策略页
youtube algorithm explained,50K,1408,156,YouTube增长策略词,P1,增长策略内容页
youtube channel name,30K,1230,364,YouTube频道优化词,P2,频道优化教程页
free youtube subscribers boost grams,8.3K,1220,25,免费增长词,P1,免费工具介绍+转化页面
free youtube subscribe,3.2K,1147,158,免费增长词,P1,免费工具介绍+转化页面
1k subscribers free,3.3K,1073,97,免费增长词,P1,免费工具介绍+转化页面
how to get 1k subscribers on youtube in 1 day,3.1K,1066,524,免费增长词,P1,免费工具介绍+转化页面
tubebuddy extension,5.7K,968,113,竞品品牌词,P0,竞品对比页面+替代方案
शॉर्ट वीडियो,7.4K,875,875,高流量词,P2,相关内容页面
youtube tags generator,14K,673,-,YouTube工具功能词,P1,工具功能页面+生成器Landing Page
watch time youtube,1.8K,606,431,YouTube增长策略词,P1,增长策略内容页
how to get more subscribers on youtube,3.9K,554,38,HowTo教程词,P1,分步指南+教程内容
youtube monetization requirements,16K,508,67,YouTube增长策略词,P1,增长策略内容页
youtube money calculator,15K,481,−53,YouTube增长策略词,P1,增长策略内容页
seo studio tools youtube,7.8K,468,−158,YouTube工具功能词,P1,工具功能页面+生成器Landing Page
superchat live,42K,467,318,YouTube增长策略词,P1,增长策略内容页
how to get subscribers on youtube,2.9K,443,4,HowTo教程词,P1,分步指南+教程内容
1k subscribers,3.0K,442,262,免费增长词,P1,免费工具介绍+转化页面
youtube seo tool,3.9K,429,−420,高流量词,P2,相关内容页面
youtube tag,16K,427,424,YouTube工具功能词,P1,工具功能页面+生成器Landing Page
youtube subscribe increase,1.1K,425,-,高流量词,P2,相关内容页面
youtube channel name ideas,19K,389,185,YouTube频道优化词,P2,频道优化教程页
free subscriber,2.7K,383,200,高流量词,P2,相关内容页面
seo youtube tools,2.0K,369,−3,高流量词,P2,相关内容页面
seostudio tools,4.7K,353,48,高流量词,P2,相关内容页面
keyword explorer youtube,940,348,-,其他,P3,按需处理
tubebuddy pricing,520,342,1,竞品品牌词,P0,竞品对比页面+替代方案
youtube revenue calculator,9.8K,342,−11,高流量词,P2,相关内容页面
youtube income calculator,9.5K,341,−536,YouTube增长策略词,P1,增长策略内容页
youtube watch time increase free,880,335,-,YouTube增长策略词,P1,增长策略内容页
how to increase subscribers on youtube,2.0K,310,-,HowTo教程词,P1,分步指南+教程内容
tubebuddy extension for chrome,1.1K,301,−1,竞品品牌词,P0,竞品对比页面+替代方案
boostgram 2025,12K,0,−301,高流量词,P2,相关内容页面
how to monetize youtube channel,8.7K,293,97,HowTo教程词,P1,分步指南+教程内容
seo studio,2.7K,293,−11,YouTube工具功能词,P1,工具功能页面+生成器Landing Page
free subscribe,2.5K,288,133,高流量词,P2,相关内容页面
1000 free youtube subscribers free,800,278,278,免费增长词,P1,免费工具介绍+转化页面
how much youtube pays for 1 million views in india,5.7K,276,276,高流量词,P2,相关内容页面
youtube earning check,12K,272,-,高流量词,P2,相关内容页面
youtube seo tools,3.3K,266,−32,高流量词,P2,相关内容页面
youtube earnings calculator,7.5K,262,−10,高流量词,P2,相关内容页面
youtube growth service,700,257,-,其他,P3,按需处理
youtube tools,2.2K,228,63,高流量词,P2,相关内容页面
subscribers,30K,224,−118,高流量词,P2,相关内容页面
youtube play button,29K,217,74,高流量词,P2,相关内容页面
keywords explorer,3.7K,217,22,YouTube工具功能词,P1,工具功能页面+生成器Landing Page
1000 subscriber kaise badhaye free,2.6K,214,5,高流量词,P2,相关内容页面
tool seo youtube,1.4K,213,−1,高流量词,P2,相关内容页面
1 million views on youtube money,10K,207,97,YouTube增长策略词,P1,增长策略内容页
youtube calculator,5.6K,207,−12,高流量词,P2,相关内容页面
1;000 free youtube subscribers,1.2K,199,−23,免费增长词,P1,免费工具介绍+转化页面
youtube earning calculator,3.5K,195,−4,高流量词,P2,相关内容页面
कैपकट कैपकट,4.8K,186,125,高流量词,P2,相关内容页面
keyword explorer,7.8K,181,−9,高流量词,P2,相关内容页面
free youtube subs,890,181,-,免费增长词,P1,免费工具介绍+转化页面
youtube tag copy,4.5K,181,1,YouTube工具功能词,P1,工具功能页面+生成器Landing Page
youtube subscribe,13K,180,123,高流量词,P2,相关内容页面
youtube shorts 1m views money in india,1.2K,174,60,高流量词,P2,相关内容页面
seo youtube tool,1.7K,172,-,高流量词,P2,相关内容页面
youtube channel names,6.3K,170,151,YouTube频道优化词,P2,频道优化教程页
yt tags generator,4.3K,166,166,高流量词,P2,相关内容页面
youtube subscriber,3.3K,164,−1,高流量词,P2,相关内容页面
yt seo tool,2.7K,0,−161,高流量词,P2,相关内容页面
youtube shorts upload best time india today,3.3K,159,94,高流量词,P2,相关内容页面
youtube watch time,2.7K,159,−18,YouTube增长策略词,P1,增长策略内容页
youtube views money,4.3K,157,157,高流量词,P2,相关内容页面
tubebuddy chrome extension,790,156,22,竞品品牌词,P0,竞品对比页面+替代方案
1000 free youtube subscribers,1.9K,156,8,免费增长词,P1,免费工具介绍+转化页面
watch time hours,430,155,-,YouTube增长策略词,P1,增长策略内容页
subscribe youtube gratis,250,153,-,其他,P3,按需处理
tube buddy keyword explorer,200,150,16,竞品品牌词,P0,竞品对比页面+替代方案
allsmo free youtube subscribe,4.7K,145,-,免费增长词,P1,免费工具介绍+转化页面
youtube watch hours,1.0K,141,-,高流量词,P2,相关内容页面
videolytics,300,140,-,其他,P3,按需处理
best time to upload shorts on youtube,8.8K,139,80,高流量词,P2,相关内容页面
best niche for youtube,940,138,-,其他,P3,按需处理
youtube subscriber increase,1.7K,137,10,高流量词,P2,相关内容页面
4000 watch hours in views,370,137,-,其他,P3,按需处理
silver play button,24K,137,−90,高流量词,P2,相关内容页面
increase youtube subscribers,950,134,42,YouTube订阅增长词,P1,订阅增长策略页
tubebuddy affiliate program,220,131,-,竞品品牌词,P0,竞品对比页面+替代方案
youtube channel monetization,3.7K,130,27,高流量词,P2,相关内容页面
thumbnail checker,1.1K,129,-,高流量词,P2,相关内容页面
subscribers free,800,129,4,其他,P3,按需处理
youtube monetization criteria,1.9K,128,-,YouTube增长策略词,P1,增长策略内容页
1k subscriber,1.0K,126,-,高流量词,P2,相关内容页面
cara mendapatkan 1000 subscriber gratis,350,126,-,其他,P3,按需处理
how much youtube pay for 1 million views,3.5K,124,7,高流量词,P2,相关内容页面
unique youtube channel name,3.8K,124,31,YouTube频道优化词,P2,频道优化教程页
youtube video ideas,6.8K,123,30,高流量词,P2,相关内容页面
seo tools for youtube,1.9K,123,−23,高流量词,P2,相关内容页面
subscribe kaise badhaye,1.3K,123,-,高流量词,P2,相关内容页面
youtube monetization rules,6.1K,123,39,YouTube增长策略词,P1,增长策略内容页
monetize youtube channel,1.8K,122,19,高流量词,P2,相关内容页面
how to get free subscribers on youtube,500,121,−7,免费增长词,P1,免费工具介绍+转化页面
get free subscribers,180,121,38,免费增长词,P1,免费工具介绍+转化页面
1000 free youtube subscribers app,1.8K,121,36,免费增长词,P1,免费工具介绍+转化页面
youtube free subscribe,1.1K,120,-,高流量词,P2,相关内容页面
youtube silver play button,4.7K,119,9,高流量词,P2,相关内容页面
youtube algorithm,7.3K,117,−31,YouTube增长策略词,P1,增长策略内容页
how to get youtube subscribers,760,117,1,HowTo教程词,P1,分步指南+教程内容
related videos,1.7K,115,−14,高流量词,P2,相关内容页面
tubebuddy app,230,113,-,竞品品牌词,P0,竞品对比页面+替代方案
free subs,700,112,29,其他,P3,按需处理
бтуб,2.3K,112,111,高流量词,P2,相关内容页面
syarat monetisasi youtube,3.3K,112,34,高流量词,P2,相关内容页面
how much does youtube pay for 1 million views,9.2K,110,−23,高流量词,P2,相关内容页面
youtube monetization requirements 2025,1.0K,107,10,YouTube增长策略词,P1,增长策略内容页
thumbnail preview,3.4K,106,−8,高流量词,P2,相关内容页面
youtube rank tracking,870,106,-,其他,P3,按需处理
how to get monetized on youtube,4.8K,106,14,HowTo教程词,P1,分步指南+教程内容
seo studio youtube,900,106,-,YouTube工具功能词,P1,工具功能页面+生成器Landing Page
yt studio login,97K,105,−127,高流量词,P2,相关内容页面
youtube watch time increase,270,104,-,YouTube增长策略词,P1,增长策略内容页
youtube free subscriber,1.1K,101,-,高流量词,P2,相关内容页面
how to add thumbnail to youtube shorts,1.1K,101,-,HowTo教程词,P1,分步指南+教程内容
is this channel monetized,7.8K,101,21,高流量词,P2,相关内容页面
youtube income check,10K,100,−82,YouTube增长策略词,P1,增长策略内容页
free yt subs,440,100,−21,其他,P3,按需处理
tubebd,190,100,94,其他,P3,按需处理
how much does youtube shorts pay,1.0K,100,15,高流量词,P2,相关内容页面
튜브버디,80,99,−2,其他,P3,按需处理
watch time hours youtube,270,99,-,YouTube增长策略词,P1,增长策略内容页
tubebuddy login,230,99,-,竞品品牌词,P0,竞品对比页面+替代方案
analysis competitor youtube channel,250,99,-,其他,P3,按需处理
youtube monetization,35K,98,39,YouTube增长策略词,P1,增长策略内容页
channel monetization,1.6K,98,79,高流量词,P2,相关内容页面
youtube keyword explorer,650,98,-,其他,P3,按需处理
youtube play button list,1.4K,96,−20,高流量词,P2,相关内容页面
how to grow subscribers on youtube,350,96,-,HowTo教程词,P1,分步指南+教程内容
how much youtube shorts pay for 1 million views,770,93,-,其他,P3,按需处理
tubebuddy keyword explorer,120,91,-,竞品品牌词,P0,竞品对比页面+替代方案
tools seo youtube,1.3K,91,-,高流量词,P2,相关内容页面
youtube shorts views increase,250,91,-,其他,P3,按需处理
buy youtube watch time,450,91,-,YouTube增长策略词,P1,增长策略内容页
youtube 1 million views income,1.4K,91,62,高流量词,P2,相关内容页面
does youtube pay for shorts,1.8K,91,-,高流量词,P2,相关内容页面
