rank,type,keyword,volume,competitor
1,创作者平台工具词,youtube subscribers free,9.5K,vidIQ
2,创作者平台工具词,youtube subscribers free,9.3K,TubeBuddy
3,创作者平台工具词,how much does youtube pay for 1 million views,9.2K,TubeBuddy
4,创作者平台工具词,youtube channel name ideas list,9.1K,Wix
5,创作者平台工具词,best youtube channel name,8.4K,vidIQ
6,创作者平台工具词,free youtube subscribers boost grams,8.3K,vidIQ
7,创作者平台工具词,free youtube subscribers boost grams,8.3K,TubeBuddy
8,创作者平台工具词,youtube free subscribers,8.1K,TubeBuddy
9,创作者平台工具词,youtube free subscribers,7.9K,vidIQ
10,创作者平台工具词,youtube tags for views,7.8K,vidIQ
11,创作者平台工具词,seo studio tools youtube,7.8K,TubeBuddy
12,创作者平台工具词,youtube channel names,6.3K,TubeBuddy
13,创作者平台工具词,how much youtube pays for 1 million views in india,5.7K,TubeBuddy
14,创作者平台工具词,youtube views free,5.0K,vidIQ
15,创作者平台工具词,youtube channel analytics,4.8K,vidIQ
16,创作者建站词,portfolio,437K,Wix
17,创作者建站词,website builder,234K,Wix
18,创作者建站词,free website builder,101K,Wix
19,创作者建站词,portfolio templates,101K,Wix
20,创作者建站词,html website builder,9.7K,Wix
21,创作者建站词,website builder ai,9.5K,Wix
22,创作者建站词,free ai website builder,7.7K,Wix
23,创作者建站词,personal website templates,7.0K,Wix
24,创作者建站词,portfolio website,65K,Wix
25,创作者建站词,ai website builder,63K,Wix
26,创作者建站词,website builder ai,6.2K,Durable
27,创作者建站词,best website builder,59K,Wix
28,创作者建站词,how to create a portfolio,5.8K,Wix
29,创作者建站词,how to create a portfolio,5.8K,Wix
30,创作者建站词,online website builders,5.7K,Wix
31,AI/智能体词,ai logo generator,221K,Wix
32,AI/智能体词,ai website maker,9.8K,Wix
33,AI/智能体词,zzz code ai,9.4K,10web
34,AI/智能体词,ai business name generator,7.2K,Wix
35,AI/智能体词,website create ai,6.5K,Wix
36,AI/智能体词,website generator ai,6.2K,Wix
37,AI/智能体词,free ai website,5.4K,Wix
38,AI/智能体词,toolbaz ai,5.2K,10web
39,AI/智能体词,website making ai,5.1K,Wix
40,AI/智能体词,ai website,50K,Wix
41,AI/智能体词,create website using ai,50K,Wix
42,AI/智能体词,phind ai,47K,10web
43,AI/智能体词,zzz ai,4.2K,10web
44,AI/智能体词,ai for website design,4.2K,Wix
45,AI/智能体词,twin pics ai,3.9K,10web
46,创作者变现词,youtube revenue calculator,9.8K,TubeBuddy
47,创作者变现词,youtube income calculator,9.5K,TubeBuddy
48,创作者变现词,how to monetize youtube channel,8.7K,TubeBuddy
49,创作者变现词,is this channel monetized,7.8K,TubeBuddy
50,创作者变现词,superchat live income,7.4K,TubeBuddy
51,创作者变现词,youtube income check,6.5K,Viewstats
52,创作者变现词,youtube monetization rules,6.1K,TubeBuddy
53,创作者变现词,how to make money on tiktok,5.8K,Wix
54,创作者变现词,make money online,5.2K,Wix
55,创作者变现词,how to get monetized on youtube,4.8K,TubeBuddy
56,创作者变现词,how to make money on instagram,4.3K,Wix
57,创作者变现词,youtube channel monetization,3.7K,TubeBuddy
58,创作者变现词,youtube monetization,35K,TubeBuddy
59,创作者变现词,youtube shorts monetization,3.4K,vidIQ
60,创作者变现词,can i earn money from instagram,3.1K,Wix
61,虚拟形象/Avatar词,personal blog examples,840,Wix
62,虚拟形象/Avatar词,virtual ticket,596,Linktree
63,虚拟形象/Avatar词,personal portfolio website templates,350,Wix
64,Link-in-Bio功能词,link in bio,2.4K,Linktree
